<configs>
	<append xpath="/recipes">
	
		<recipe name="LootboxMachine" count="1" craft_time="213" craft_area="workbench" >
			<ingredient name="resourceForgedIron" count="100"/>
			<ingredient name="resourceWood" count="1000"/>
			<ingredient name="resourceSpring" count="20"/>
			<ingredient name="resourceMechanicalParts" count="30"/>
			<ingredient name="resourceElectricParts" count="30"/>
		</recipe>

		<recipe name="YellowTicket" count="1" craft_time="0" >
			<ingredient name="GreenTicket" count="10"/>
		</recipe>
		<recipe name="RedTicket" count="1" craft_time="0" >
			<ingredient name="YellowTicket" count="10"/>
		</recipe>
		<recipe name="PurpleTicket" count="1" craft_time="0" >
			<ingredient name="RedTicket" count="10"/>
		</recipe>
		<recipe name="LVL1GreenLootBox" count="1" craft_area="LootboxMachine" craft_time="0" >
			<ingredient name="GreenTicket" count="1"/>
		</recipe>
		<recipe name="LVL2YellowLootBox" count="1" craft_area="LootboxMachine" craft_time="0" >
			<ingredient name="YellowTicket" count="1"/>
		</recipe>
		<recipe name="LVL3RedLootBox" count="1" craft_area="LootboxMachine" craft_time="0" >
			<ingredient name="RedTicket" count="1"/>
		</recipe>
		<recipe name="LVL4PurpleLootBox" count="1" craft_area="LootboxMachine" craft_time="0" >
			<ingredient name="PurpleTicket" count="1"/>
		</recipe>
	</append>
</configs>